material_name,manufacturer,mas_material_type,proposed_materialComposition,status,quoted_text,source_url,evidence_file,retrieved_utc,note
AF,Gaotune,amorphous,,blank,,https://www.gaotune.com/page/what-is-amorphous-and-nanocrystalline.html,evidence/gaotune_what-is-amorphous-and-nanocrystalline.html ; evidence/gaotune_img_Amorphous_material.jpg,2026-09-30T23:44:11Z,"The datasheet page is JS-rendered and holds only two images, ""Amorphous material"" and ""Nanocrystalline material"" (rendered with Playwright, images downloaded and read visually). They give Bs, Tc, density, resistivity and loss, but no alloy composition and no ""AF""/""AN"" grade name. Even an ""Fe-based"" statement would not map to any enum value (no amorphous/nanocrystalline value in the enum)."
AN,Gaotune,nanocrystalline,,blank,,https://www.gaotune.com/page/what-is-amorphous-and-nanocrystalline.html,evidence/gaotune_what-is-amorphous-and-nanocrystalline.html ; evidence/gaotune_img_Nanocrystalline_material.jpg,2026-09-30T23:44:11Z,"The datasheet page is JS-rendered and holds only two images, ""Amorphous material"" and ""Nanocrystalline material"" (rendered with Playwright, images downloaded and read visually). They give Bs, Tc, density, resistivity and loss, but no alloy composition and no ""AF""/""AN"" grade name. Even an ""Fe-based"" statement would not map to any enum value (no amorphous/nanocrystalline value in the enum)."
TMSA 19,TDG,powder,FeSiAl,confirmed,材料/Material:铁硅铝系列 TMSA SERIES,https://www.tdgcore.com/en/technical-support/data-download/dodw/metal-magnetic-powder-cores-145.html,evidence/tdg_metal_powder_cores_catalogue.pdf,2026-09-30T23:30:54Z,铁硅铝 = iron-silicon-aluminium. Text layer extracted with pdftotext into evidence/tdg_metal_powder_cores_catalogue.txt.
TMSA 26,TDG,powder,FeSiAl,confirmed,材料/Material:铁硅铝系列 TMSA SERIES,https://www.tdgcore.com/en/technical-support/data-download/dodw/metal-magnetic-powder-cores-145.html,evidence/tdg_metal_powder_cores_catalogue.pdf,2026-09-30T23:30:54Z,铁硅铝 = iron-silicon-aluminium. Text layer extracted with pdftotext into evidence/tdg_metal_powder_cores_catalogue.txt.
TMSA 40,TDG,powder,FeSiAl,confirmed,材料/Material:铁硅铝系列 TMSA SERIES,https://www.tdgcore.com/en/technical-support/data-download/dodw/metal-magnetic-powder-cores-145.html,evidence/tdg_metal_powder_cores_catalogue.pdf,2026-09-30T23:30:54Z,铁硅铝 = iron-silicon-aluminium. Text layer extracted with pdftotext into evidence/tdg_metal_powder_cores_catalogue.txt.
TMSA 60,TDG,powder,FeSiAl,confirmed,材料/Material:铁硅铝系列 TMSA SERIES,https://www.tdgcore.com/en/technical-support/data-download/dodw/metal-magnetic-powder-cores-145.html,evidence/tdg_metal_powder_cores_catalogue.pdf,2026-09-30T23:30:54Z,铁硅铝 = iron-silicon-aluminium. Text layer extracted with pdftotext into evidence/tdg_metal_powder_cores_catalogue.txt.
TMSA 75,TDG,powder,FeSiAl,confirmed,材料/Material:铁硅铝系列 TMSA SERIES,https://www.tdgcore.com/en/technical-support/data-download/dodw/metal-magnetic-powder-cores-145.html,evidence/tdg_metal_powder_cores_catalogue.pdf,2026-09-30T23:30:54Z,铁硅铝 = iron-silicon-aluminium. Text layer extracted with pdftotext into evidence/tdg_metal_powder_cores_catalogue.txt.
TMSA 90,TDG,powder,FeSiAl,confirmed,材料/Material:铁硅铝系列 TMSA SERIES,https://www.tdgcore.com/en/technical-support/data-download/dodw/metal-magnetic-powder-cores-145.html,evidence/tdg_metal_powder_cores_catalogue.pdf,2026-09-30T23:30:54Z,铁硅铝 = iron-silicon-aluminium. Text layer extracted with pdftotext into evidence/tdg_metal_powder_cores_catalogue.txt.
TMSA 125,TDG,powder,FeSiAl,confirmed,材料/Material:铁硅铝系列 TMSA SERIES,https://www.tdgcore.com/en/technical-support/data-download/dodw/metal-magnetic-powder-cores-145.html,evidence/tdg_metal_powder_cores_catalogue.pdf,2026-09-30T23:30:54Z,铁硅铝 = iron-silicon-aluminium. Text layer extracted with pdftotext into evidence/tdg_metal_powder_cores_catalogue.txt.
TMSC 26,TDG,powder,,blank,,https://www.tdgcore.com/en/technical-support/data-download/dodw/metal-magnetic-powder-cores-145.html ; https://www.tdgcore.com/uploads/file/20251110/1762741796533194.pdf,evidence/tdg_metal_powder_cores_catalogue.pdf ; evidence/tdg_automotive_soft_magnetic_cores_20251110.pdf,2026-09-30T23:30:54Z,"TMSC does not appear in the 2024 metal powder core catalogue. The 2025-11 TDG automotive brochure (image-only PDF, read visually) lists TMSC only in a loss/DC-bias table (""Suggested Material: TMSC / TMF / TMFA"" or ""TMF / TMFA / TMFD""), with no alloy statement. The TDG online mall (mall.tdgcore.com) has no TMSC item. Its name looks like a sibling of TMS/TMSA (FeSiAl), but by rule this is not used."
TMSC 60,TDG,powder,,blank,,https://www.tdgcore.com/en/technical-support/data-download/dodw/metal-magnetic-powder-cores-145.html ; https://www.tdgcore.com/uploads/file/20251110/1762741796533194.pdf,evidence/tdg_metal_powder_cores_catalogue.pdf ; evidence/tdg_automotive_soft_magnetic_cores_20251110.pdf,2026-09-30T23:30:54Z,"TMSC does not appear in the 2024 metal powder core catalogue. The 2025-11 TDG automotive brochure (image-only PDF, read visually) lists TMSC only in a loss/DC-bias table (""Suggested Material: TMSC / TMF / TMFA"" or ""TMF / TMFA / TMFD""), with no alloy statement. The TDG online mall (mall.tdgcore.com) has no TMSC item. Its name looks like a sibling of TMS/TMSA (FeSiAl), but by rule this is not used."
TMF 26,TDG,powder,FeSi,confirmed,材料/Material:铁硅系列TMF SERIES,https://www.tdgcore.com/en/technical-support/data-download/dodw/metal-magnetic-powder-cores-145.html,evidence/tdg_metal_powder_cores_catalogue.pdf,2026-09-30T23:30:54Z,铁硅 = iron-silicon. Text layer extracted with pdftotext into evidence/tdg_metal_powder_cores_catalogue.txt.
TMF 40,TDG,powder,FeSi,confirmed,材料/Material:铁硅系列TMF SERIES,https://www.tdgcore.com/en/technical-support/data-download/dodw/metal-magnetic-powder-cores-145.html,evidence/tdg_metal_powder_cores_catalogue.pdf,2026-09-30T23:30:54Z,铁硅 = iron-silicon. Text layer extracted with pdftotext into evidence/tdg_metal_powder_cores_catalogue.txt.
TMF 60,TDG,powder,FeSi,confirmed,材料/Material:铁硅系列TMF SERIES,https://www.tdgcore.com/en/technical-support/data-download/dodw/metal-magnetic-powder-cores-145.html,evidence/tdg_metal_powder_cores_catalogue.pdf,2026-09-30T23:30:54Z,铁硅 = iron-silicon. Text layer extracted with pdftotext into evidence/tdg_metal_powder_cores_catalogue.txt.
TMF 75,TDG,powder,FeSi,confirmed,材料/Material:铁硅系列TMF SERIES,https://www.tdgcore.com/en/technical-support/data-download/dodw/metal-magnetic-powder-cores-145.html,evidence/tdg_metal_powder_cores_catalogue.pdf,2026-09-30T23:30:54Z,铁硅 = iron-silicon. Text layer extracted with pdftotext into evidence/tdg_metal_powder_cores_catalogue.txt.
TMF 90,TDG,powder,FeSi,confirmed,材料/Material:铁硅系列TMF SERIES,https://www.tdgcore.com/en/technical-support/data-download/dodw/metal-magnetic-powder-cores-145.html,evidence/tdg_metal_powder_cores_catalogue.pdf,2026-09-30T23:30:54Z,铁硅 = iron-silicon. Text layer extracted with pdftotext into evidence/tdg_metal_powder_cores_catalogue.txt.
TMFA 60,TDG,powder,FeSi,confirmed,材料/Material:铁硅系列TMFA SERIES,https://www.tdgcore.com/en/technical-support/data-download/dodw/metal-magnetic-powder-cores-145.html,evidence/tdg_metal_powder_cores_catalogue.pdf,2026-09-30T23:30:54Z,铁硅 = iron-silicon. Text layer extracted with pdftotext into evidence/tdg_metal_powder_cores_catalogue.txt.
TMFA 90,TDG,powder,FeSi,confirmed,材料/Material:铁硅系列TMFA SERIES,https://www.tdgcore.com/en/technical-support/data-download/dodw/metal-magnetic-powder-cores-145.html,evidence/tdg_metal_powder_cores_catalogue.pdf,2026-09-30T23:30:54Z,铁硅 = iron-silicon. Text layer extracted with pdftotext into evidence/tdg_metal_powder_cores_catalogue.txt.
TMFB 26,TDG,powder,FeSi,confirmed,材料/Material:铁硅系列TMFB SERIES,https://www.tdgcore.com/en/technical-support/data-download/dodw/metal-magnetic-powder-cores-145.html,evidence/tdg_metal_powder_cores_catalogue.pdf,2026-09-30T23:30:54Z,铁硅 = iron-silicon. Text layer extracted with pdftotext into evidence/tdg_metal_powder_cores_catalogue.txt.
TMFB 60,TDG,powder,FeSi,confirmed,材料/Material:铁硅系列TMFB SERIES,https://www.tdgcore.com/en/technical-support/data-download/dodw/metal-magnetic-powder-cores-145.html,evidence/tdg_metal_powder_cores_catalogue.pdf,2026-09-30T23:30:54Z,铁硅 = iron-silicon. Text layer extracted with pdftotext into evidence/tdg_metal_powder_cores_catalogue.txt.
TMFC 26,TDG,powder,FeSi,confirmed,材料/Material:铁硅系列TMFC SERIES,https://www.tdgcore.com/en/technical-support/data-download/dodw/metal-magnetic-powder-cores-145.html,evidence/tdg_metal_powder_cores_catalogue.pdf,2026-09-30T23:30:54Z,铁硅 = iron-silicon. Text layer extracted with pdftotext into evidence/tdg_metal_powder_cores_catalogue.txt.
TMFC 60,TDG,powder,FeSi,confirmed,材料/Material:铁硅系列TMFC SERIES,https://www.tdgcore.com/en/technical-support/data-download/dodw/metal-magnetic-powder-cores-145.html,evidence/tdg_metal_powder_cores_catalogue.pdf,2026-09-30T23:30:54Z,铁硅 = iron-silicon. Text layer extracted with pdftotext into evidence/tdg_metal_powder_cores_catalogue.txt.
TMH 26,TDG,powder,FeNi,confirmed,材料/Material:铁镍系列TMH SERIES,https://www.tdgcore.com/en/technical-support/data-download/dodw/metal-magnetic-powder-cores-145.html,evidence/tdg_metal_powder_cores_catalogue.pdf,2026-09-30T23:30:54Z,"铁镍 = iron-nickel; intro says ""Fe-Ni (High Flux)"". Text layer extracted with pdftotext into evidence/tdg_metal_powder_cores_catalogue.txt."
TMH 40,TDG,powder,FeNi,confirmed,材料/Material:铁镍系列TMH SERIES,https://www.tdgcore.com/en/technical-support/data-download/dodw/metal-magnetic-powder-cores-145.html,evidence/tdg_metal_powder_cores_catalogue.pdf,2026-09-30T23:30:54Z,"铁镍 = iron-nickel; intro says ""Fe-Ni (High Flux)"". Text layer extracted with pdftotext into evidence/tdg_metal_powder_cores_catalogue.txt."
TMH 60,TDG,powder,FeNi,confirmed,材料/Material:铁镍系列TMH SERIES,https://www.tdgcore.com/en/technical-support/data-download/dodw/metal-magnetic-powder-cores-145.html,evidence/tdg_metal_powder_cores_catalogue.pdf,2026-09-30T23:30:54Z,"铁镍 = iron-nickel; intro says ""Fe-Ni (High Flux)"". Text layer extracted with pdftotext into evidence/tdg_metal_powder_cores_catalogue.txt."
TMH 75,TDG,powder,FeNi,confirmed,材料/Material:铁镍系列TMH SERIES,https://www.tdgcore.com/en/technical-support/data-download/dodw/metal-magnetic-powder-cores-145.html,evidence/tdg_metal_powder_cores_catalogue.pdf,2026-09-30T23:30:54Z,"铁镍 = iron-nickel; intro says ""Fe-Ni (High Flux)"". Text layer extracted with pdftotext into evidence/tdg_metal_powder_cores_catalogue.txt."
TMH 90,TDG,powder,FeNi,confirmed,材料/Material:铁镍系列TMH SERIES,https://www.tdgcore.com/en/technical-support/data-download/dodw/metal-magnetic-powder-cores-145.html,evidence/tdg_metal_powder_cores_catalogue.pdf,2026-09-30T23:30:54Z,"铁镍 = iron-nickel; intro says ""Fe-Ni (High Flux)"". Text layer extracted with pdftotext into evidence/tdg_metal_powder_cores_catalogue.txt."
TMH 125,TDG,powder,FeNi,confirmed,材料/Material:铁镍系列TMH SERIES,https://www.tdgcore.com/en/technical-support/data-download/dodw/metal-magnetic-powder-cores-145.html,evidence/tdg_metal_powder_cores_catalogue.pdf,2026-09-30T23:30:54Z,"铁镍 = iron-nickel; intro says ""Fe-Ni (High Flux)"". Text layer extracted with pdftotext into evidence/tdg_metal_powder_cores_catalogue.txt."
TMH 147,TDG,powder,FeNi,confirmed,材料/Material:铁镍系列TMH SERIES,https://www.tdgcore.com/en/technical-support/data-download/dodw/metal-magnetic-powder-cores-145.html,evidence/tdg_metal_powder_cores_catalogue.pdf,2026-09-30T23:30:54Z,"铁镍 = iron-nickel; intro says ""Fe-Ni (High Flux)"". Text layer extracted with pdftotext into evidence/tdg_metal_powder_cores_catalogue.txt."
TMH 160,TDG,powder,FeNi,confirmed,材料/Material:铁镍系列TMH SERIES,https://www.tdgcore.com/en/technical-support/data-download/dodw/metal-magnetic-powder-cores-145.html,evidence/tdg_metal_powder_cores_catalogue.pdf,2026-09-30T23:30:54Z,"铁镍 = iron-nickel; intro says ""Fe-Ni (High Flux)"". Text layer extracted with pdftotext into evidence/tdg_metal_powder_cores_catalogue.txt."
TMHA 60,TDG,powder,FeNi,needs_review,材料/Material:铁镍复合系列TMHA SERIES,https://www.tdgcore.com/en/technical-support/data-download/dodw/metal-magnetic-powder-cores-145.html,evidence/tdg_metal_powder_cores_catalogue.pdf,2026-09-30T23:30:54Z,"铁镍复合 = ""Fe-Ni composite"". The intro says ""FeNi composite powder core"" but does not say what the Ni-Fe powder is blended with, so FeNi is a judgement call. ""proprietary"" is the alternative. Text layer extracted with pdftotext into evidence/tdg_metal_powder_cores_catalogue.txt."
TMHA 75,TDG,powder,FeNi,needs_review,材料/Material:铁镍复合系列TMHA SERIES,https://www.tdgcore.com/en/technical-support/data-download/dodw/metal-magnetic-powder-cores-145.html,evidence/tdg_metal_powder_cores_catalogue.pdf,2026-09-30T23:30:54Z,"铁镍复合 = ""Fe-Ni composite"". The intro says ""FeNi composite powder core"" but does not say what the Ni-Fe powder is blended with, so FeNi is a judgement call. ""proprietary"" is the alternative. Text layer extracted with pdftotext into evidence/tdg_metal_powder_cores_catalogue.txt."
TMHA 90,TDG,powder,FeNi,needs_review,材料/Material:铁镍复合系列TMHA SERIES,https://www.tdgcore.com/en/technical-support/data-download/dodw/metal-magnetic-powder-cores-145.html,evidence/tdg_metal_powder_cores_catalogue.pdf,2026-09-30T23:30:54Z,"铁镍复合 = ""Fe-Ni composite"". The intro says ""FeNi composite powder core"" but does not say what the Ni-Fe powder is blended with, so FeNi is a judgement call. ""proprietary"" is the alternative. Text layer extracted with pdftotext into evidence/tdg_metal_powder_cores_catalogue.txt."
TMHB 26,TDG,powder,FeNi,needs_review,材料/Material:铁镍复合系列TMHB SERIES,https://www.tdgcore.com/en/technical-support/data-download/dodw/metal-magnetic-powder-cores-145.html,evidence/tdg_metal_powder_cores_catalogue.pdf,2026-09-30T23:30:54Z,"铁镍复合 = ""Fe-Ni composite"". It is not said what the powder is blended with, so FeNi is a judgement call; ""proprietary"" is the alternative. Text layer extracted with pdftotext into evidence/tdg_metal_powder_cores_catalogue.txt."
TMHB 40,TDG,powder,FeNi,needs_review,材料/Material:铁镍复合系列TMHB SERIES,https://www.tdgcore.com/en/technical-support/data-download/dodw/metal-magnetic-powder-cores-145.html,evidence/tdg_metal_powder_cores_catalogue.pdf,2026-09-30T23:30:54Z,"铁镍复合 = ""Fe-Ni composite"". It is not said what the powder is blended with, so FeNi is a judgement call; ""proprietary"" is the alternative. Text layer extracted with pdftotext into evidence/tdg_metal_powder_cores_catalogue.txt."
TMHB 60,TDG,powder,FeNi,needs_review,材料/Material:铁镍复合系列TMHB SERIES,https://www.tdgcore.com/en/technical-support/data-download/dodw/metal-magnetic-powder-cores-145.html,evidence/tdg_metal_powder_cores_catalogue.pdf,2026-09-30T23:30:54Z,"铁镍复合 = ""Fe-Ni composite"". It is not said what the powder is blended with, so FeNi is a judgement call; ""proprietary"" is the alternative. Text layer extracted with pdftotext into evidence/tdg_metal_powder_cores_catalogue.txt."
TMHB 75,TDG,powder,FeNi,needs_review,材料/Material:铁镍复合系列TMHB SERIES,https://www.tdgcore.com/en/technical-support/data-download/dodw/metal-magnetic-powder-cores-145.html,evidence/tdg_metal_powder_cores_catalogue.pdf,2026-09-30T23:30:54Z,"铁镍复合 = ""Fe-Ni composite"". It is not said what the powder is blended with, so FeNi is a judgement call; ""proprietary"" is the alternative. Text layer extracted with pdftotext into evidence/tdg_metal_powder_cores_catalogue.txt."
TMHB 90,TDG,powder,FeNi,needs_review,材料/Material:铁镍复合系列TMHB SERIES,https://www.tdgcore.com/en/technical-support/data-download/dodw/metal-magnetic-powder-cores-145.html,evidence/tdg_metal_powder_cores_catalogue.pdf,2026-09-30T23:30:54Z,"铁镍复合 = ""Fe-Ni composite"". It is not said what the powder is blended with, so FeNi is a judgement call; ""proprietary"" is the alternative. Text layer extracted with pdftotext into evidence/tdg_metal_powder_cores_catalogue.txt."
TMHG 60,TDG,powder,FeNi,confirmed,材料/Material:超级铁镍系列TMHG SERIES,https://www.tdgcore.com/en/technical-support/data-download/dodw/metal-magnetic-powder-cores-145.html,evidence/tdg_metal_powder_cores_catalogue.pdf,2026-09-30T23:30:54Z,"超级铁镍 = ""super iron-nickel""; still an Fe-Ni alloy, so FeNi. Reviewer may want to double-check that ""super"" does not mean an extra alloying element. Text layer extracted with pdftotext into evidence/tdg_metal_powder_cores_catalogue.txt."
TMM 26,TDG,powder,FeNiMo,confirmed,材料/Material:铁镍钼系列TMM SERIES,https://www.tdgcore.com/en/technical-support/data-download/dodw/metal-magnetic-powder-cores-145.html,evidence/tdg_metal_powder_cores_catalogue.pdf,2026-09-30T23:30:54Z,铁镍钼 = iron-nickel-molybdenum (MPP). Text layer extracted with pdftotext into evidence/tdg_metal_powder_cores_catalogue.txt.
TMM 60,TDG,powder,FeNiMo,confirmed,材料/Material:铁镍钼系列TMM SERIES,https://www.tdgcore.com/en/technical-support/data-download/dodw/metal-magnetic-powder-cores-145.html,evidence/tdg_metal_powder_cores_catalogue.pdf,2026-09-30T23:30:54Z,铁镍钼 = iron-nickel-molybdenum (MPP). Text layer extracted with pdftotext into evidence/tdg_metal_powder_cores_catalogue.txt.
TMFD 60,TDG,powder,,blank,,https://www.tdgcore.com/en/technical-support/data-download/dodw/metal-magnetic-powder-cores-145.html ; https://www.tdgcore.com/uploads/file/20251110/1762741796533194.pdf,evidence/tdg_metal_powder_cores_catalogue.pdf ; evidence/tdg_automotive_soft_magnetic_cores_20251110.pdf,2026-09-30T23:30:54Z,"TMFD does not appear in the 2024 metal powder core catalogue. The 2025-11 TDG automotive brochure (image-only PDF, read visually) lists TMFD only in a loss/DC-bias table (""Suggested Material: TMSC / TMF / TMFA"" or ""TMF / TMFA / TMFD""), with no alloy statement. The TDG online mall (mall.tdgcore.com) has no TMFD item. Its name looks like a sibling of TMF/TMFA (FeSi), but by rule this is not used."
TMFD 90,TDG,powder,,blank,,https://www.tdgcore.com/en/technical-support/data-download/dodw/metal-magnetic-powder-cores-145.html ; https://www.tdgcore.com/uploads/file/20251110/1762741796533194.pdf,evidence/tdg_metal_powder_cores_catalogue.pdf ; evidence/tdg_automotive_soft_magnetic_cores_20251110.pdf,2026-09-30T23:30:54Z,"TMFD does not appear in the 2024 metal powder core catalogue. The 2025-11 TDG automotive brochure (image-only PDF, read visually) lists TMFD only in a loss/DC-bias table (""Suggested Material: TMSC / TMF / TMFA"" or ""TMF / TMFA / TMFD""), with no alloy statement. The TDG online mall (mall.tdgcore.com) has no TMFD item. Its name looks like a sibling of TMF/TMFA (FeSi), but by rule this is not used."
MPT21,Huoh Yow,powder,,blank,,https://www.huohyow.com.tw/en/index.php?c=category&id=22 ; https://www.huohyow.com.tw/uploadfile/ueditor/file/202410/1730380086d1c206.pdf,evidence/huohyow_category22.html ; evidence/huohyow_zh_category22.html ; evidence/huohyow_MPT21_1730380086d1c206.pdf,2026-09-30T23:41:36Z,"The page lists only the range: ""The metal materials are FeSiCr、FeSi、FeSiAl & FeNi."" (Chinese page: 铁硅铬/铁硅/铁硅铝/铁镍 series). Its property table for MPT21/MSB40/MSL40/MSL45/MSS70/MST70/MSS100 has no material row. A separate table does give MATERIAL for other grades (MFN120 FeNi, MSL125 FeSiAl, MFS125 FeSi), but not for these. The per-grade PDF is image-only (no tesseract installed); it was rendered and read visually: a ""Material charactoristics"" table with µi, Bs, Pcv, Tc, ρ and density, and no composition."
MSB40,Huoh Yow,powder,,blank,,https://www.huohyow.com.tw/en/index.php?c=category&id=22 ; https://www.huohyow.com.tw/uploadfile/ueditor/file/202410/1730380077456864.pdf,evidence/huohyow_category22.html ; evidence/huohyow_zh_category22.html ; evidence/huohyow_MSB40_1730380077456864.pdf,2026-09-30T23:41:36Z,"The page lists only the range: ""The metal materials are FeSiCr、FeSi、FeSiAl & FeNi."" (Chinese page: 铁硅铬/铁硅/铁硅铝/铁镍 series). Its property table for MPT21/MSB40/MSL40/MSL45/MSS70/MST70/MSS100 has no material row. A separate table does give MATERIAL for other grades (MFN120 FeNi, MSL125 FeSiAl, MFS125 FeSi), but not for these. The per-grade PDF is image-only (no tesseract installed); it was rendered and read visually: a ""Material charactoristics"" table with µi, Bs, Pcv, Tc, ρ and density, and no composition."
MSS70,Huoh Yow,powder,,blank,,https://www.huohyow.com.tw/en/index.php?c=category&id=22 ; https://www.huohyow.com.tw/uploadfile/ueditor/file/202410/173038003954292a.pdf,evidence/huohyow_category22.html ; evidence/huohyow_zh_category22.html ; evidence/huohyow_MSS70_173038003954292a.pdf,2026-09-30T23:41:36Z,"The page lists only the range: ""The metal materials are FeSiCr、FeSi、FeSiAl & FeNi."" (Chinese page: 铁硅铬/铁硅/铁硅铝/铁镍 series). Its property table for MPT21/MSB40/MSL40/MSL45/MSS70/MST70/MSS100 has no material row. A separate table does give MATERIAL for other grades (MFN120 FeNi, MSL125 FeSiAl, MFS125 FeSi), but not for these. The per-grade PDF is image-only (no tesseract installed); it was rendered and read visually: a ""Material charactoristics"" table with µi, Bs, Pcv, Tc, ρ and density, and no composition."
MST70,Huoh Yow,powder,,blank,,https://www.huohyow.com.tw/en/index.php?c=category&id=22 ; https://www.huohyow.com.tw/uploadfile/ueditor/file/202410/1730380025b893b1.pdf,evidence/huohyow_category22.html ; evidence/huohyow_zh_category22.html ; evidence/huohyow_MST70_1730380025b893b1.pdf,2026-09-30T23:41:36Z,"The page lists only the range: ""The metal materials are FeSiCr、FeSi、FeSiAl & FeNi."" (Chinese page: 铁硅铬/铁硅/铁硅铝/铁镍 series). Its property table for MPT21/MSB40/MSL40/MSL45/MSS70/MST70/MSS100 has no material row. A separate table does give MATERIAL for other grades (MFN120 FeNi, MSL125 FeSiAl, MFS125 FeSi), but not for these. The per-grade PDF is image-only (no tesseract installed); it was rendered and read visually: a ""Material charactoristics"" table with µi, Bs, Pcv, Tc, ρ and density, and no composition."
MSS100,Huoh Yow,powder,,blank,,https://www.huohyow.com.tw/en/index.php?c=category&id=22 ; https://www.huohyow.com.tw/uploadfile/ueditor/file/202410/173038001223ef51.pdf,evidence/huohyow_category22.html ; evidence/huohyow_zh_category22.html ; evidence/huohyow_MSS100_173038001223ef51.pdf,2026-09-30T23:41:36Z,"The page lists only the range: ""The metal materials are FeSiCr、FeSi、FeSiAl & FeNi."" (Chinese page: 铁硅铬/铁硅/铁硅铝/铁镍 series). Its property table for MPT21/MSB40/MSL40/MSL45/MSS70/MST70/MSS100 has no material row. A separate table does give MATERIAL for other grades (MFN120 FeNi, MSL125 FeSiAl, MFS125 FeSi), but not for these. The per-grade PDF is image-only (no tesseract installed); it was rendered and read visually: a ""Material charactoristics"" table with µi, Bs, Pcv, Tc, ρ and density, and no composition."
TMS 26,TDG,powder,FeSiAl,confirmed,材料/Material:铁硅铝系列 TMS SERIES,https://www.tdgcore.com/en/technical-support/data-download/dodw/metal-magnetic-powder-cores-145.html,evidence/tdg_metal_powder_cores_catalogue.pdf,2026-09-30T23:30:54Z,"铁硅铝 = iron-silicon-aluminium; catalogue intro also says ""Fe-Si-Al (Sendust)"". Catalogue PDF (TDG, created 2024-05-29), p. headed for the series. Text layer extracted with pdftotext into evidence/tdg_metal_powder_cores_catalogue.txt."
TMS 40,TDG,powder,FeSiAl,confirmed,材料/Material:铁硅铝系列 TMS SERIES,https://www.tdgcore.com/en/technical-support/data-download/dodw/metal-magnetic-powder-cores-145.html,evidence/tdg_metal_powder_cores_catalogue.pdf,2026-09-30T23:30:54Z,"铁硅铝 = iron-silicon-aluminium; catalogue intro also says ""Fe-Si-Al (Sendust)"". Catalogue PDF (TDG, created 2024-05-29), p. headed for the series. Text layer extracted with pdftotext into evidence/tdg_metal_powder_cores_catalogue.txt."
TMS 60,TDG,powder,FeSiAl,confirmed,材料/Material:铁硅铝系列 TMS SERIES,https://www.tdgcore.com/en/technical-support/data-download/dodw/metal-magnetic-powder-cores-145.html,evidence/tdg_metal_powder_cores_catalogue.pdf,2026-09-30T23:30:54Z,"铁硅铝 = iron-silicon-aluminium; catalogue intro also says ""Fe-Si-Al (Sendust)"". Catalogue PDF (TDG, created 2024-05-29), p. headed for the series. Text layer extracted with pdftotext into evidence/tdg_metal_powder_cores_catalogue.txt."
TMS 75,TDG,powder,FeSiAl,confirmed,材料/Material:铁硅铝系列 TMS SERIES,https://www.tdgcore.com/en/technical-support/data-download/dodw/metal-magnetic-powder-cores-145.html,evidence/tdg_metal_powder_cores_catalogue.pdf,2026-09-30T23:30:54Z,"铁硅铝 = iron-silicon-aluminium; catalogue intro also says ""Fe-Si-Al (Sendust)"". Catalogue PDF (TDG, created 2024-05-29), p. headed for the series. Text layer extracted with pdftotext into evidence/tdg_metal_powder_cores_catalogue.txt."
TMS 90,TDG,powder,FeSiAl,confirmed,材料/Material:铁硅铝系列 TMS SERIES,https://www.tdgcore.com/en/technical-support/data-download/dodw/metal-magnetic-powder-cores-145.html,evidence/tdg_metal_powder_cores_catalogue.pdf,2026-09-30T23:30:54Z,"铁硅铝 = iron-silicon-aluminium; catalogue intro also says ""Fe-Si-Al (Sendust)"". Catalogue PDF (TDG, created 2024-05-29), p. headed for the series. Text layer extracted with pdftotext into evidence/tdg_metal_powder_cores_catalogue.txt."
TMS 125,TDG,powder,FeSiAl,confirmed,材料/Material:铁硅铝系列 TMS SERIES,https://www.tdgcore.com/en/technical-support/data-download/dodw/metal-magnetic-powder-cores-145.html,evidence/tdg_metal_powder_cores_catalogue.pdf,2026-09-30T23:30:54Z,"铁硅铝 = iron-silicon-aluminium; catalogue intro also says ""Fe-Si-Al (Sendust)"". Catalogue PDF (TDG, created 2024-05-29), p. headed for the series. Text layer extracted with pdftotext into evidence/tdg_metal_powder_cores_catalogue.txt."
SC-1K107,Shincore,nanocrystalline,,needs_review,Material ： Fe-based nanocrystalline （ 1K107 ）,http://www.shincore.net/product_1.html,evidence/shincore_product_1.html,2026-09-30T23:44:13Z,"The maker states the composition, but no materialComposition enum value fits. 1K107 is the Chinese designation for Fe-based (FeCuNbSiB-type) nanocrystalline alloy, and the enum has no nanocrystalline/amorphous or FeSiB value. Options: leave empty, use ""proprietary"", or raise a schema gap (no schema change proposed here)."
SC-1K107-LP,Shincore,nanocrystalline,,needs_review,Material ： Fe-based nanocrystalline （ 1K107 ）,http://www.shincore.net/product_1.html,evidence/shincore_product_1.html,2026-09-30T23:44:13Z,"The maker states the composition, but no materialComposition enum value fits. 1K107 is the Chinese designation for Fe-based (FeCuNbSiB-type) nanocrystalline alloy, and the enum has no nanocrystalline/amorphous or FeSiB value. Options: leave empty, use ""proprietary"", or raise a schema gap (no schema change proposed here)."
M600,Guangdong Ferrum New Materials,powder,FeSiCr,confirmed,铁硅铬材料,https://www.ferrum.cn/Material/index_2.html,evidence/ferrum_Material_index_2.html ; evidence/ferrum_M600_20230502210047561.pdf,2026-09-30T23:43:45Z,"Ferrum's alloy-material page has 5 tabs: 铁硅铬材料 / 铁硅合金材料 / 铁镍合金材料 / 铁镍钼合金材料 / 铁硅铝合金材料 (FeSiCr/FeSi/FeNi/FeNiMo/FeSiAl). These map 1:1, in order, to 5 box-table divs. The first tab, 铁硅铬材料 (iron-silicon-chromium, default-active), holds the table M800, M850, M600, M350C with datasheet links to exactly these PDFs. The other tabs hold G10/G20/G30/G40. The per-grade datasheet PDFs themselves state no composition. The link is through page structure (tab index = table index, checked in the HTML), not a per-row label."
M800,Guangdong Ferrum New Materials,powder,FeSiCr,confirmed,铁硅铬材料,https://www.ferrum.cn/Material/index_2.html,evidence/ferrum_Material_index_2.html ; evidence/ferrum_M800_20230502205852360.pdf,2026-09-30T23:43:45Z,"Ferrum's alloy-material page has 5 tabs: 铁硅铬材料 / 铁硅合金材料 / 铁镍合金材料 / 铁镍钼合金材料 / 铁硅铝合金材料 (FeSiCr/FeSi/FeNi/FeNiMo/FeSiAl). These map 1:1, in order, to 5 box-table divs. The first tab, 铁硅铬材料 (iron-silicon-chromium, default-active), holds the table M800, M850, M600, M350C with datasheet links to exactly these PDFs. The other tabs hold G10/G20/G30/G40. The per-grade datasheet PDFs themselves state no composition. The link is through page structure (tab index = table index, checked in the HTML), not a per-row label."
M850,Guangdong Ferrum New Materials,powder,FeSiCr,confirmed,铁硅铬材料,https://www.ferrum.cn/Material/index_2.html,evidence/ferrum_Material_index_2.html ; evidence/ferrum_M850_20230502210015805.pdf,2026-09-30T23:43:45Z,"Ferrum's alloy-material page has 5 tabs: 铁硅铬材料 / 铁硅合金材料 / 铁镍合金材料 / 铁镍钼合金材料 / 铁硅铝合金材料 (FeSiCr/FeSi/FeNi/FeNiMo/FeSiAl). These map 1:1, in order, to 5 box-table divs. The first tab, 铁硅铬材料 (iron-silicon-chromium, default-active), holds the table M800, M850, M600, M350C with datasheet links to exactly these PDFs. The other tabs hold G10/G20/G30/G40. The per-grade datasheet PDFs themselves state no composition. The link is through page structure (tab index = table index, checked in the HTML), not a per-row label."
1E04_620 91101004,Würth Elektronik,ferrite,NiZn,confirmed,Core material: NiZn,https://www.we-online.com/en/components/products/WE-CAR-TEC,evidence/we_WE-CAR-TEC.html ; evidence/we_WE-AEFA.html ; evidence/we_WE-OEFA.html ; evidence/we_ds_78201449321.pdf ; evidence/we_WE-STAR-TEC.html ; evidence/we_designkit_742711.pdf,2026-09-30T23:38:27Z,"Every WE-CAR-TEC article lists ""Material 91101004"", which is this record's manufacturerInfo.reference, under ""Core material: NiZn"". Corroborated three ways: (1) WE-AEFA page, ""Ferrite core made of NiZn"", every article ""Material 1E04_620"", which is this record's name; (2) WE-OEFA page, ""Material: NiZn"", with datasheet 78201449321 giving Material 91101004; (3) WE-STAR-TEC page, ""Core material: NiZn"", every article ""Material 4 W 620"", and design-kit datasheet 742711 lists STAR-TEC parts as ""Material: 91101004""."
4W810,Würth Elektronik,ferrite,,blank,,https://www.we-online.com/en/components/products/WE-FLATF,evidence/we_WE-FLATF.html ; evidence/we_datasheet_74278041.pdf,2026-09-30T23:34:38Z,"Grade 4 W 810 appears only in WE-FLATF. The page says ""Available in a range of permeability values (μi = 620 to 810)"", and datasheet 74278041 gives ""Material 4 W 810"". Neither states a composition. WE-FLATF is not in the 2018 catalogue colour chart."
1E04_1521,Würth Elektronik,ferrite,NiZn,needs_review,"WE-SFA | WE-FLAT | WE-TOF / WE-AFB | WE-SAFB | WE-RIB [green bar] ; legend: ""NiZn Nickel-Zinc"" [green]",https://www.farnell.com/datasheets/2718934.pdf ; https://www.mouser.com/ProductDetail/Wurth-Elektronik/742700790?qs=B6kkDfuK7%2FAYh2iE9xOo6Q%3D%3D,evidence/we_catalog_farnell_2718934.pdf ; evidence/mouser_742700790_WE-AFB_7W380.html ; evidence/we_WE-AFB.html ; evidence/we_WE-SAFB.html ; evidence/we_WE-TOF.html ; evidence/we_WE-FLAT.html,2026-09-30T23:40:56Z,"This record is WE grade 4 W 1500 (article 91101007, per its own MAS description). WE lists that grade as ""Material 4 W 1500"" in WE-AFB, WE-SAFB, WE-TOF, WE-FLAT. No WE page or datasheet states the composition of this grade. Evidence is at series level only: (1) the WE eiSos 2018 catalogue ""Filter Applications: EMI Suppression"", pp. 12-13, colour-codes the WE-SFA/FLAT/TOF/AFB/SAFB/RIB bar green, and the p. 13 legend has green = ""NiZn Nickel-Zinc"" (read from the page image); (2) Mouser's WE product text says ""The WE-AFB, WE-SAFB, and WE-TOF series all feature a ferrite core made of NiZn."" (distributor, not the maker). It needs review because the claim is series-level and colour-coded rather than per grade, and because WE also makes MgZn cable ferrites (ANP115). No text ties the ""7 W"" or ""3 W"" grade prefixes to a composition."
3W800 91101009,Würth Elektronik,ferrite,NiZn,needs_review,"WE-SFA | WE-FLAT | WE-TOF / WE-AFB | WE-SAFB | WE-RIB [green bar] ; legend: ""NiZn Nickel-Zinc"" [green]",https://www.farnell.com/datasheets/2718934.pdf ; https://www.mouser.com/ProductDetail/Wurth-Elektronik/742700790?qs=B6kkDfuK7%2FAYh2iE9xOo6Q%3D%3D,evidence/we_catalog_farnell_2718934.pdf ; evidence/mouser_742700790_WE-AFB_7W380.html ; evidence/we_WE-AFB.html ; evidence/we_WE-SAFB.html ; evidence/we_WE-TOF.html ; evidence/we_WE-FLAT.html,2026-09-30T23:40:56Z,"This record is WE grade 3 W 800 (article 91101009, per its own MAS description). WE lists that grade as ""Material 3 W 800"" in WE-AFB, WE-SAFB, WE-TOF, WE-FLAT. No WE page or datasheet states the composition of this grade. Evidence is at series level only: (1) the WE eiSos 2018 catalogue ""Filter Applications: EMI Suppression"", pp. 12-13, colour-codes the WE-SFA/FLAT/TOF/AFB/SAFB/RIB bar green, and the p. 13 legend has green = ""NiZn Nickel-Zinc"" (read from the page image); (2) Mouser's WE product text says ""The WE-AFB, WE-SAFB, and WE-TOF series all feature a ferrite core made of NiZn."" (distributor, not the maker). It needs review because the claim is series-level and colour-coded rather than per grade, and because WE also makes MgZn cable ferrites (ANP115). No text ties the ""7 W"" or ""3 W"" grade prefixes to a composition."
7W700,Würth Elektronik,ferrite,NiZn,needs_review,"WE-SFA | WE-FLAT | WE-TOF / WE-AFB | WE-SAFB | WE-RIB [green bar] ; legend: ""NiZn Nickel-Zinc"" [green]",https://www.farnell.com/datasheets/2718934.pdf ; https://www.mouser.com/ProductDetail/Wurth-Elektronik/742700790?qs=B6kkDfuK7%2FAYh2iE9xOo6Q%3D%3D,evidence/we_catalog_farnell_2718934.pdf ; evidence/mouser_742700790_WE-AFB_7W380.html ; evidence/we_WE-AFB.html ; evidence/we_WE-SAFB.html ; evidence/we_WE-TOF.html,2026-09-30T23:40:56Z,"This record is WE grade 7 W 700 (article 91101010, per its own MAS description). WE lists that grade as ""Material 7 W 700"" in WE-AFB, WE-SAFB, WE-TOF. No WE page or datasheet states the composition of this grade. Evidence is at series level only: (1) the WE eiSos 2018 catalogue ""Filter Applications: EMI Suppression"", pp. 12-13, colour-codes the WE-SFA/FLAT/TOF/AFB/SAFB/RIB bar green, and the p. 13 legend has green = ""NiZn Nickel-Zinc"" (read from the page image); (2) Mouser's WE product text says ""The WE-AFB, WE-SAFB, and WE-TOF series all feature a ferrite core made of NiZn."" (distributor, not the maker). It needs review because the claim is series-level and colour-coded rather than per grade, and because WE also makes MgZn cable ferrites (ANP115). No text ties the ""7 W"" or ""3 W"" grade prefixes to a composition."
7W850,Würth Elektronik,ferrite,NiZn,needs_review,"WE-SFA | WE-FLAT | WE-TOF / WE-AFB | WE-SAFB | WE-RIB [green bar] ; legend: ""NiZn Nickel-Zinc"" [green]",https://www.farnell.com/datasheets/2718934.pdf ; https://www.mouser.com/ProductDetail/Wurth-Elektronik/742700790?qs=B6kkDfuK7%2FAYh2iE9xOo6Q%3D%3D,evidence/we_catalog_farnell_2718934.pdf ; evidence/mouser_742700790_WE-AFB_7W380.html ; evidence/we_WE-AFB.html ; evidence/we_WE-SAFB.html ; evidence/we_WE-TOF.html,2026-09-30T23:40:56Z,"This record is WE grade 7 W 850 (article 91101011, per its own MAS description). WE lists that grade as ""Material 7 W 850"" in WE-AFB, WE-SAFB, WE-TOF. No WE page or datasheet states the composition of this grade. Evidence is at series level only: (1) the WE eiSos 2018 catalogue ""Filter Applications: EMI Suppression"", pp. 12-13, colour-codes the WE-SFA/FLAT/TOF/AFB/SAFB/RIB bar green, and the p. 13 legend has green = ""NiZn Nickel-Zinc"" (read from the page image); (2) Mouser's WE product text says ""The WE-AFB, WE-SAFB, and WE-TOF series all feature a ferrite core made of NiZn."" (distributor, not the maker). It needs review because the claim is series-level and colour-coded rather than per grade, and because WE also makes MgZn cable ferrites (ANP115). No text ties the ""7 W"" or ""3 W"" grade prefixes to a composition."
7W380,Würth Elektronik,ferrite,NiZn,needs_review,"WE-SFA | WE-FLAT | WE-TOF / WE-AFB | WE-SAFB | WE-RIB [green bar] ; legend: ""NiZn Nickel-Zinc"" [green]",https://www.farnell.com/datasheets/2718934.pdf ; https://www.mouser.com/ProductDetail/Wurth-Elektronik/742700790?qs=B6kkDfuK7%2FAYh2iE9xOo6Q%3D%3D,evidence/we_catalog_farnell_2718934.pdf ; evidence/mouser_742700790_WE-AFB_7W380.html ; evidence/we_WE-AFB.html ; evidence/we_WE-TOF.html,2026-09-30T23:40:56Z,"This record is WE grade 7 W 380 (article 91101012, per its own MAS description). WE lists that grade as ""Material 7 W 380"" in WE-AFB, WE-TOF. No WE page or datasheet states the composition of this grade. Evidence is at series level only: (1) the WE eiSos 2018 catalogue ""Filter Applications: EMI Suppression"", pp. 12-13, colour-codes the WE-SFA/FLAT/TOF/AFB/SAFB/RIB bar green, and the p. 13 legend has green = ""NiZn Nickel-Zinc"" (read from the page image); (2) Mouser's WE product text says ""The WE-AFB, WE-SAFB, and WE-TOF series all feature a ferrite core made of NiZn."" (distributor, not the maker). It needs review because the claim is series-level and colour-coded rather than per grade, and because WE also makes MgZn cable ferrites (ANP115). No text ties the ""7 W"" or ""3 W"" grade prefixes to a composition."
7W800,Würth Elektronik,ferrite,NiZn,needs_review,"WE-SFA | WE-FLAT | WE-TOF / WE-AFB | WE-SAFB | WE-RIB [green bar] ; legend: ""NiZn Nickel-Zinc"" [green]",https://www.farnell.com/datasheets/2718934.pdf ; https://www.mouser.com/ProductDetail/Wurth-Elektronik/742700790?qs=B6kkDfuK7%2FAYh2iE9xOo6Q%3D%3D,evidence/we_catalog_farnell_2718934.pdf ; evidence/mouser_742700790_WE-AFB_7W380.html ; evidence/we_WE-SAFB.html,2026-09-30T23:40:56Z,"This record is WE grade 7 W 800 (article 91101013, per its own MAS description). WE lists that grade as ""Material 7 W 800"" in WE-SAFB. No WE page or datasheet states the composition of this grade. Evidence is at series level only: (1) the WE eiSos 2018 catalogue ""Filter Applications: EMI Suppression"", pp. 12-13, colour-codes the WE-SFA/FLAT/TOF/AFB/SAFB/RIB bar green, and the p. 13 legend has green = ""NiZn Nickel-Zinc"" (read from the page image); (2) Mouser's WE product text says ""The WE-AFB, WE-SAFB, and WE-TOF series all feature a ferrite core made of NiZn."" (distributor, not the maker). It needs review because the claim is series-level and colour-coded rather than per grade, and because WE also makes MgZn cable ferrites (ANP115). No text ties the ""7 W"" or ""3 W"" grade prefixes to a composition."
3W800 91101014,Würth Elektronik,ferrite,NiZn,needs_review,"WE-SFA | WE-FLAT | WE-TOF / WE-AFB | WE-SAFB | WE-RIB [green bar] ; legend: ""NiZn Nickel-Zinc"" [green]",https://www.farnell.com/datasheets/2718934.pdf ; https://www.mouser.com/ProductDetail/Wurth-Elektronik/742700790?qs=B6kkDfuK7%2FAYh2iE9xOo6Q%3D%3D,evidence/we_catalog_farnell_2718934.pdf ; evidence/mouser_742700790_WE-AFB_7W380.html ; evidence/we_WE-AFB.html ; evidence/we_WE-SAFB.html ; evidence/we_WE-TOF.html ; evidence/we_WE-FLAT.html,2026-09-30T23:40:56Z,"This record is WE grade 3 W 800 (article 91101014, per its own MAS description). WE lists that grade as ""Material 3 W 800"" in WE-AFB, WE-SAFB, WE-TOF, WE-FLAT. No WE page or datasheet states the composition of this grade. Evidence is at series level only: (1) the WE eiSos 2018 catalogue ""Filter Applications: EMI Suppression"", pp. 12-13, colour-codes the WE-SFA/FLAT/TOF/AFB/SAFB/RIB bar green, and the p. 13 legend has green = ""NiZn Nickel-Zinc"" (read from the page image); (2) Mouser's WE product text says ""The WE-AFB, WE-SAFB, and WE-TOF series all feature a ferrite core made of NiZn."" (distributor, not the maker). It needs review because the claim is series-level and colour-coded rather than per grade, and because WE also makes MgZn cable ferrites (ANP115). No text ties the ""7 W"" or ""3 W"" grade prefixes to a composition."
3W800 91101015,Würth Elektronik,ferrite,NiZn,needs_review,"WE-SFA | WE-FLAT | WE-TOF / WE-AFB | WE-SAFB | WE-RIB [green bar] ; legend: ""NiZn Nickel-Zinc"" [green]",https://www.farnell.com/datasheets/2718934.pdf ; https://www.mouser.com/ProductDetail/Wurth-Elektronik/742700790?qs=B6kkDfuK7%2FAYh2iE9xOo6Q%3D%3D,evidence/we_catalog_farnell_2718934.pdf ; evidence/mouser_742700790_WE-AFB_7W380.html ; evidence/we_WE-AFB.html ; evidence/we_WE-SAFB.html ; evidence/we_WE-TOF.html ; evidence/we_WE-FLAT.html,2026-09-30T23:40:56Z,"This record is WE grade 3 W 800 (article 91101015, per its own MAS description). WE lists that grade as ""Material 3 W 800"" in WE-AFB, WE-SAFB, WE-TOF, WE-FLAT. No WE page or datasheet states the composition of this grade. Evidence is at series level only: (1) the WE eiSos 2018 catalogue ""Filter Applications: EMI Suppression"", pp. 12-13, colour-codes the WE-SFA/FLAT/TOF/AFB/SAFB/RIB bar green, and the p. 13 legend has green = ""NiZn Nickel-Zinc"" (read from the page image); (2) Mouser's WE product text says ""The WE-AFB, WE-SAFB, and WE-TOF series all feature a ferrite core made of NiZn."" (distributor, not the maker). It needs review because the claim is series-level and colour-coded rather than per grade, and because WE also makes MgZn cable ferrites (ANP115). No text ties the ""7 W"" or ""3 W"" grade prefixes to a composition."
3W5000,Würth Elektronik,ferrite,MnZn,confirmed,Core material: MnZn,https://www.we-online.com/en/components/products/WE-STAR-TEC-LFS ; https://www.we-online.com/components/products/datasheet/742711.pdf,evidence/we_WE-STAR-TEC-LFS.html ; evidence/we_designkit_742711.pdf ; evidence/we_passive_components_catalog_digikey.pdf ; evidence/we_WE-STAR-FIX-LFS.html,2026-09-30T23:33:53Z,"The WE-STAR-TEC-LFS page says ""Core material: MnZn"", and its articles (e.g. 74272111) list ""Material 8 W 5000"". WE design-kit datasheet 742711 lists the same STAR-TEC LFS articles (742 721 11/12/31/32…) as ""Material: 91102001"", which is this record's reference. The WE 11/2010 catalogue, hosted by DigiKey, says of WE-AFB LFS ""Ferrite core made of MnZn"" with material 8 W 5000, and WE-STAR-FIX-LFS also says MnZn. NAME MISMATCH TO REVIEW: this MAS record is named ""3W5000"", but WE prints the grade as ""8 W 5000"". The composition claim does not depend on the name, because it goes through article number 91102001."
